experiment,algorithm,score,pct,time_s,paper_pct,delta_pp,note
baseline,Simple,20977650.0,50.05153165300411,0.07612013816833496,50.17,-0.11846834699588982,
baseline,Greedy,28530004.0,68.07103742632438,40.0012788772583,69.25,-1.1789625736756193,
baseline,GreedyAbs,30193398.0,72.0398050167083,41.49256992340088,73.12,-1.0801949832917046,
baseline,Rocket,34751904.0,82.91615233632747,74.3176589012146,80.05,2.866152336327474,"epochs=19999, device=Apple MPS"
post_processing,Rocket + LS,34751932.0,82.9162191428042,194.3176589012146,,,local search on Rocket result
multi_start,Rocket best-of-4,34604548.0,82.56456893693526,37.103029012680054,,,seed=42.0
init_ablation,Rocket init=degree_diff,34619440.0,82.60010043876585,37.04179525375366,,,best init scheme
beta_ablation,Rocket beta=cyclic_slow,34735376.0,82.87671742750018,,,,best beta schedule
