Algorithm,Our_pct,Paper_pct,Our_time,Paper_time,Delta_pp,Time_ratio
Simple,50.05153165300411,50.17,0.07612013816833496,3.0,-0.11846834699588982,0.025373379389444988
Greedy,68.07103742632438,69.25,40.0012788772583,49.0,-1.1789625736756193,0.8163526301481285
GreedyAbs,72.0398050167083,73.12,41.49256992340088,38.0,-1.0801949832917046,1.091909734826339
Rocket (ours),82.91615233632747,80.05,74.3176589012146,4.2,2.866152336327474,17.69468069076538
