variant,score,pct
paper_default,34678316.0,82.74057537173509
increasing,34624888.0,82.61309907037834
constant_low,34682440.0,82.75041501137714
constant_high,34691036.0,82.77092459972899
cyclic_slow,34735376.0,82.87671742750018
cyclic_fast,34612760.0,82.58416232217786
