init,score,pct,time,t_to_75,t_to_78,t_to_80
random,34590056.0,82.52999181334347,37.084994077682495,0.3898138999938965,0.7522799968719482,1.1163430213928223
uniform,34611404.0,82.58092697994832,37.25533580780029,0.3878939151763916,0.7567489147186279,1.1253018379211426
degree_diff,34619440.0,82.60010043876585,37.04179525375366,0.384876012802124,0.384876012802124,0.7554061412811279
